{
    "C11": [
        2.97389919,
        0.86271637,
        1.0,
        -1.0,
        0.07486029
    ],
    "C12": [
        5.0,
        1.0,
        1.0,
        -1.0,
        0.1
    ],
    "C13": [
        3.13673957,
        0.9223161,
        0.94231158,
        -1.0,
        0.07797057
    ],
    "C14": [
        3.00098012e+00,
        4.09980416e-03,
        5.84712240e-02,
        -8.00979029e-01,
        1.00000000e-03
    ],
    "C21": [
        1.55570814,
        0.71484313,
        0.62455532,
        -0.86513781,
        0.0730341
    ],
    "C22": [
        2.52073168,
        0.64634029,
        1.0,
        -1.0,
        0.05194866
    ],
    "C23": [
        2.99744595,
        0.09883027,
        0.08711395,
        -0.80288641,
        0.08953959
    ],
    "C24": [
        3.64155082e+00,
        5.94451920e-01,
        5.08761283e-01,
        -9.94087612e-01,
        1.00000000e-03
    ],
    "C31": [
        2.30486007,
        0.23424831,
        0.31609451,
        -0.91334708,
        0.0666546
    ],
    "C32": [
        2.46055516,
        0.44654381,
        0.31951835,
        -0.97733737,
        0.01886227
    ],
    "C33": [
        2.67978279,
        0.07391082,
        0.65867158,
        -0.76326395,
        0.07591685
    ],
    "C34": [
        4.25383647,
        0.53196334,
        0.01,
        -1.0,
        0.1
    ],
    "C41": [
        2.52482135,
        0.15309902,
        0.27849485,
        -0.85374474,
        0.08294293
    ],
    "C42": [
        2.49487923,
        0.14632931,
        0.46777911,
        -0.90377887,
        0.0846631
    ],
    "C43": [
        2.11462065,
        0.48899964,
        0.01,
        -1.0,
        0.00725613
    ],
    "C44": [
        4.08239709,
        0.35486431,
        0.01,
        -1.0,
        0.1
    ],
    "C51": [
        2.5211858,
        0.19394392,
        0.32739804,
        -0.86688228,
        0.07538028
    ],
    "C52": [
        1.57799335e+00,
        5.02473693e-01,
        1.00000000e-02,
        -1.00000000e+00,
        1.00000000e-03
    ],
    "C53": [
        1.54774103,
        0.27146762,
        0.31311837,
        -0.74400241,
        0.05226601
    ],
    "C54": [
        2.94607145,
        0.18834836,
        0.01,
        -0.81863673,
        0.1
    ],
    "C61": [
        2.24899746e+00,
        1.67607082e-01,
        1.00000000e-02,
        -2.00484051e-01,
        1.00000000e-03
    ],
    "C62": [
        1.992561,
        0.14453523,
        0.2059501,
        -0.75280938,
        0.06506838
    ],
    "C63": [
        2.87556916,
        0.14220545,
        0.68065724,
        -1.0,
        0.04380378
    ],
    "C64": [
        2.93333338e+00,
        1.78339602e-01,
        1.00000000e-02,
        -4.76360797e-01,
        1.00000000e-03
    ]
}